{
  "dataShowType": "实时查询",
  "province": "云南",
  "mapJsonPath": "/config/govcharts/map/province/yunnan.json",
  "geoPostionCoordMap": {
    "昆明市": [
      102.712251,
      25.040609
    ],
    "省干市": [
      102.712251,
      25.040609
    ],
    "曲靖市": [
      103.797851,
      25.501557
    ],
    "玉溪市": [
      102.543907,
      24.350461
    ],
    "保山市": [
      99.167133,
      25.111802
    ],
    "昭通市": [
      103.717216,
      27.336999
    ],
    "丽江市": [
      100.233026,
      26.872108
    ],
    "普洱市": [
      101.272344,
      22.777321
    ],
    "临沧市": [
      100.08697,
      23.886567
    ],
    "楚雄彝族自治州": [
      101.546046,
      25.041988
    ],
    "红河哈尼族彝族自治州": [
      103.384182,
      23.366775
    ],
    "文山壮族苗族自治州": [
      104.24401,
      23.36951
    ],
    "西双版纳傣族自治州": [
      100.797941,
      22.001724
    ],
    "大理白族自治州": [
      100.225668,
      25.589449
    ],
    "德宏傣族景颇族自治州": [
      97.778363,
      24.436694
    ],
    "怒江傈僳族自治州": [
      98.854304,
      25.850949
    ],
    "迪庆藏族自治州": [
      99.706463,
      27.826853
    ],
    "安宁市": [
      102.413531523438,
      25.0700295234375
    ],
    "富民县": [
      102.723394804688,
      25.4842116523437
    ],
    "西山区": [
      102.67,
      25.03
    ],
    "官渡区": [
      102.75,
      25.02
    ],
    "呈贡区": [
      102.8,
      24.88
    ],
    "呈贡县": [
      102.8,
      24.88
    ],
    "禄劝县": [
      102.45,
      25.58
    ],
    "嵩明县": [
      103.03,
      25.35
    ],
    "盘龙区": [
      103.24,
      24.77
    ],
    "五华区": [
      103.24,
      24.77
    ],
    "宜良县": [
      103.12,
      24.9
    ],
    "石林县": [
      103.24,
      24.77
    ],
    "寻甸县": [
      103.25,
      25.56
    ],
    "晋宁县": [
      102.58,
      24.68
    ],
    "东川区": [
      102.58,
      24.68
    ],
    "贵阳市": [
      106.63,
      26.65
    ],
    "南明区": [
      106.72,
      26.57
    ],
    "云岩区": [
      106.72,
      26.62
    ],
    "乌当区": [
      106.75,
      26.63
    ],
    "白云区": [
      106.65,
      26.68
    ],
    "小河区": [
      106.7,
      26.53
    ],
    "开阳县": [
      106.97,
      27.07
    ],
    "息烽县": [
      106.73,
      27.1
    ],
    "修文县": [
      106.58,
      26.83
    ],
    "清镇市": [
      106.47,
      26.55
    ],
    "六盘水市": [
      104.83,
      26.6
    ],
    "钟山区": [
      104.83,
      26.6
    ],
    "六枝特区": [
      105.48,
      26.22
    ],
    "水城县": [
      104.95,
      26.55
    ],
    "盘县": [
      104.47,
      25.72
    ],
    "遵义市": [
      106.92,
      27.73
    ],
    "红花岗区": [
      106.92,
      27.65
    ],
    "汇川区": [
      106.92,
      27.73
    ],
    "遵义县": [
      106.83,
      27.53
    ],
    "桐梓县": [
      106.82,
      28.13
    ],
    "绥阳县": [
      107.18,
      27.95
    ],
    "正安县": [
      107.43,
      28.55
    ],
    "道真仡佬族苗族自治县": [
      107.6,
      28.88
    ],
    "务川仡佬族苗族自治县": [
      107.88,
      28.53
    ],
    "凤冈县": [
      107.72,
      27.97
    ],
    "湄潭县": [
      107.48,
      27.77
    ],
    "余庆县": [
      107.88,
      27.22
    ],
    "习水县": [
      106.22,
      28.32
    ],
    "赤水市": [
      105.7,
      28.58
    ],
    "仁怀市": [
      106.42,
      27.82
    ],
    "安顺市": [
      105.95,
      26.25
    ],
    "西秀区": [
      105.92,
      26.25
    ],
    "平坝县": [
      106.25,
      26.42
    ],
    "普定县": [
      105.75,
      26.32
    ],
    "镇宁布依族苗族自治县": [
      105.77,
      26.07
    ],
    "关岭布依族苗族自治县": [
      105.62,
      25.95
    ],
    "紫云苗族布依族自治县": [
      106.08,
      25.75
    ],
    "铜仁地区": [
      109.18,
      27.72
    ],
    "铜仁市": [
      109.18,
      27.72
    ],
    "江口县": [
      108.85,
      27.7
    ],
    "石阡县": [
      108.23,
      27.52
    ],
    "思南县": [
      108.25,
      27.93
    ],
    "德江县": [
      108.12,
      28.27
    ],
    "玉屏侗族自治县": [
      108.92,
      27.23
    ],
    "印江土家族苗族自治县": [
      108.4,
      28
    ],
    "沿河土家族自治县": [
      108.5,
      28.57
    ],
    "松桃苗族自治县": [
      109.2,
      28.17
    ],
    "万山特区": [
      109.2,
      27.52
    ],
    "毕节地区": [
      105.28,
      27.3
    ],
    "毕节市": [
      105.28,
      27.3
    ],
    "大方县": [
      105.6,
      27.15
    ],
    "黔西县": [
      106.03,
      27.03
    ],
    "金沙县": [
      106.22,
      27.47
    ],
    "织金县": [
      105.77,
      26.67
    ],
    "纳雍县": [
      105.38,
      26.78
    ],
    "赫章县": [
      104.72,
      27.13
    ],
    "兴义市": [
      104.9,
      25.08
    ],
    "黔西南布依族苗族自治州": [
      104.9,
      25.08
    ],
    "黔西南": [
      104.9,
      25.08
    ],
    "兴仁县": [
      105.18,
      25.43
    ],
    "普安县": [
      104.95,
      25.78
    ],
    "晴隆县": [
      105.22,
      25.83
    ],
    "贞丰县": [
      105.65,
      25.38
    ],
    "望谟县": [
      106.1,
      25.17
    ],
    "册亨县": [
      105.82,
      24.98
    ],
    "安龙县": [
      105.47,
      25.12
    ],
    "黔东南苗族侗族自治州": [
      107.97,
      26.58
    ],
    "黔东南": [
      107.97,
      26.58
    ],
    "凯里市": [
      107.97,
      26.58
    ],
    "黄平县": [
      107.9,
      26.9
    ],
    "施秉县": [
      108.12,
      27.03
    ],
    "三穗县": [
      108.68,
      26.97
    ],
    "镇远县": [
      108.42,
      27.05
    ],
    "岑巩县": [
      108.82,
      27.18
    ],
    "天柱县": [
      109.2,
      26.92
    ],
    "锦屏县": [
      109.2,
      26.68
    ],
    "剑河县": [
      108.45,
      26.73
    ],
    "台江县": [
      108.32,
      26.67
    ],
    "黎平县": [
      109.13,
      26.23
    ],
    "榕江县": [
      108.52,
      25.93
    ],
    "从江县": [
      108.9,
      25.75
    ],
    "雷山县": [
      108.07,
      26.38
    ],
    "麻江县": [
      107.58,
      26.5
    ],
    "丹寨县": [
      107.8,
      26.2
    ],
    "黔南布依族苗族自治州": [
      107.52,
      26.27
    ],
    "黔南": [
      107.52,
      26.27
    ],
    "都匀市": [
      107.52,
      26.27
    ],
    "福泉市": [
      107.5,
      26.7
    ],
    "荔波县": [
      107.88,
      25.42
    ],
    "贵定县": [
      107.23,
      26.58
    ],
    "瓮安县": [
      107.47,
      27.07
    ],
    "独山县": [
      107.53,
      25.83
    ],
    "平塘县": [
      107.32,
      25.83
    ],
    "罗甸县": [
      106.75,
      25.43
    ],
    "长顺县": [
      106.45,
      26.03
    ],
    "龙里县": [
      106.97,
      26.45
    ],
    "惠水县": [
      106.65,
      26.13
    ],
    "三都水族自治县 ": [
      107.87,
      25.98
    ]
  },
  "cityMap": {
    "昆明市": "530100",
    "曲靖市": "530300",
    "玉溪市": "530400",
    "保山市": "530500",
    "昭通市": "530600",
    "丽江市": "530700",
    "普洱市": "530800",
    "临沧市": "530900",
    "楚雄彝族自治州": "532300",
    "红河哈尼族彝族自治州": "532500",
    "文山壮族苗族自治州": "532600",
    "西双版纳傣族自治州": "532800",
    "大理白族自治州": "532900",
    "德宏傣族景颇族自治州": "533100",
    "怒江傈僳族自治州": "533300",
    "迪庆藏族自治州": "533400",
    "贵阳市": "520100",
    "六盘水市": "520200",
    "遵义市": "520300",
    "安顺市": "520400",
    "毕节市": "520500",
    "铜仁市": "520600",
    "黔西南": "522300",
    "黔东南": "522600",
    "黔南": "522700"
  }
}